"","Parameter","zval","pval"
"1",R(mother, adolescent),0.169802749811138,0.865165264299614
"2",R(mother, father),2.55363139107272,0.0106606048235655
"3",R(father, adolescent),1.30281039566337,0.192639500780954
