"label","est_sig","se","pvalue","confint"
"AonF","0.10***",0.0141292982817356,1.71484509903953e-13,"[0.08, 0.13]"
"AonM","0.12***",0.0157663522141858,8.07378415404774e-15,"[0.09, 0.15]"
"FwithM","0.37***",0.0452881172320112,3.42111562658719e-16,"[0.28, 0.46]"
"D_parenting","0.02",0.0193680006971247,0.301776565044045,"[-0.02, 0.06]"
